train_size,model,alpha,cv_mean,cv_std
full (160k),+ pattern,0.01,0.9065900000000001,0.0009500986790854906
full (160k),+ pattern,0.1,0.9065900000000001,0.0009500986790854906
full (160k),+ pattern,0.5,0.9065900000000001,0.0009500986790854906
full (160k),+ pattern,1.0,0.9065900000000001,0.0009500986790854906
full (160k),+ pattern,2.0,0.9065900000000001,0.0009500986790854906
full (160k),+ Markov,0.01,0.8980349999999999,0.0010149815269254626
full (160k),+ Markov,0.1,0.8980349999999999,0.0010149815269254626
full (160k),+ Markov,0.5,0.8980349999999999,0.0010149815269254626
full (160k),+ Markov,1.0,0.8980349999999999,0.0010149815269254626
full (160k),+ Markov,2.0,0.8980349999999999,0.0010149815269254626
300,+ pattern,0.01,0.898,0.005904632715080616
300,+ pattern,0.1,0.8986149999999998,0.005751211828823548
300,+ pattern,0.5,0.8942249999999999,0.008935515513947697
300,+ pattern,1.0,0.888555,0.00948006790587492
300,+ pattern,2.0,0.86814,0.008911239391914013
300,+ Markov,0.01,0.895545,0.004628289370815105
300,+ Markov,0.1,0.8951100000000001,0.004597642058707907
300,+ Markov,0.5,0.885495,0.008927422640381677
300,+ Markov,1.0,0.8745799999999999,0.013974579600116749
300,+ Markov,2.0,0.8610450000000001,0.011620958975058835
