class,f1,f2,n,chi2,dof,p,cramers_v,pct_expected_lt5,violates
Weak,len_bin,dig_bin,80000,28748.943084262046,12,0.0,0.3461029656779783,0.0,True
Weak,len_bin,up_bin,80000,27856.161908132257,8,0.0,0.41725413350358387,0.0,True
Weak,len_bin,sp_bin,80000,,0,,0.0,,False
Weak,len_bin,mk_bin,80000,54058.95578030237,8,0.0,0.5812645470238915,0.0,True
Weak,len_bin,is_common,80000,2646.935075436161,4,0.0,0.18189746684039337,0.0,True
Weak,len_bin,has_seq,80000,14933.966337753393,4,0.0,0.4320585368001857,0.0,True
Weak,len_bin,has_repeat,80000,36063.20744489843,4,0.0,0.6714090355820589,0.0,True
Weak,len_bin,has_year,80000,40.28113696390685,4,3.7859851611286345e-08,0.02243912235469194,0.2,True
Weak,dig_bin,up_bin,80000,2542.585051521504,6,0.0,0.12606013077896358,0.0,True
Weak,dig_bin,sp_bin,80000,,0,,0.0,,False
Weak,dig_bin,mk_bin,80000,14984.597560826056,6,0.0,0.3060289769861064,0.0,True
Weak,dig_bin,is_common,80000,2982.725411387742,3,0.0,0.19309082744228628,0.0,True
Weak,dig_bin,has_seq,80000,3731.6463538073413,3,0.0,0.21597587694599543,0.0,True
Weak,dig_bin,has_repeat,80000,12599.545520515323,3,0.0,0.39685553921602446,0.0,True
Weak,dig_bin,has_year,80000,298.0459851949835,3,2.6343180854541743e-64,0.06103748696446548,0.25,True
Weak,up_bin,sp_bin,80000,,0,,0.0,,False
Weak,up_bin,mk_bin,80000,8448.07158415757,4,0.0,0.2297834793908927,0.0,True
Weak,up_bin,is_common,80000,192.47098728381275,2,1.6049301956728217e-42,0.04904984547424854,0.0,True
Weak,up_bin,has_seq,80000,2359.645495393851,2,0.0,0.17174273985360528,0.0,True
Weak,up_bin,has_repeat,80000,3347.6983106352463,2,0.0,0.20456350818985428,0.0,True
Weak,up_bin,has_year,80000,1.1497038025933621,2,0.5627882108396485,0.0037909494236163356,0.16666666666666666,False
Weak,sp_bin,mk_bin,80000,,0,,0.0,,False
Weak,sp_bin,is_common,80000,,0,,0.0,,False
Weak,sp_bin,has_seq,80000,,0,,0.0,,False
Weak,sp_bin,has_repeat,80000,,0,,0.0,,False
Weak,sp_bin,has_year,80000,,0,,0.0,,False
Weak,mk_bin,is_common,80000,264.5980002485242,2,3.4936088954272584e-58,0.05751065121441899,0.0,True
Weak,mk_bin,has_seq,80000,11606.696017975963,2,0.0,0.38089854321682504,0.0,True
Weak,mk_bin,has_repeat,80000,22838.503334867815,2,0.0,0.5343044934172346,0.0,True
Weak,mk_bin,has_year,80000,20.019687495528068,2,4.4955216717945705e-05,0.0158191685525536,0.0,True
Weak,is_common,has_seq,80000,145.94023289862025,1,1.3378490715177865e-33,0.04271127381889649,0.0,True
Weak,is_common,has_repeat,80000,558.7867893141581,1,1.543596033493656e-123,0.08357532450686014,0.0,True
Weak,is_common,has_year,80000,2.549027928599025,1,0.11036213802474314,0.005644718691616777,0.25,False
Weak,has_seq,has_repeat,80000,3229.1750675181092,1,0.0,0.20090965219216414,0.0,True
Weak,has_seq,has_year,80000,31.528837164222637,1,1.9650028785722902e-08,0.01985221560815777,0.0,True
Weak,has_repeat,has_year,80000,7.695781893756211,1,0.005535002651157676,0.009808020884559362,0.0,False
Medium,len_bin,dig_bin,40000,,0,,0.0,,False
Medium,len_bin,up_bin,40000,133.00695165511536,4,8.855917384210108e-28,0.04077483164513303,0.0,True
Medium,len_bin,sp_bin,40000,5255.983256054728,2,0.0,0.3624908018162229,0.0,True
Medium,len_bin,mk_bin,40000,231.09796928060246,2,6.572242525865242e-51,0.0760095338231663,0.0,True
Medium,len_bin,is_common,40000,123.08795080401751,2,1.8697824904434655e-27,0.055472504631577955,0.3333333333333333,True
Medium,len_bin,has_seq,40000,3.3904113576424173,2,0.18356147043792087,0.009206534849825988,0.0,False
Medium,len_bin,has_repeat,40000,1.2096997252135668,2,0.5461564189855319,0.005499317514959395,0.3333333333333333,False
Medium,len_bin,has_year,40000,,0,,0.0,,False
Medium,dig_bin,up_bin,40000,,0,,0.0,,False
Medium,dig_bin,sp_bin,40000,,0,,0.0,,False
Medium,dig_bin,mk_bin,40000,,0,,0.0,,False
Medium,dig_bin,is_common,40000,,0,,0.0,,False
Medium,dig_bin,has_seq,40000,,0,,0.0,,False
Medium,dig_bin,has_repeat,40000,,0,,0.0,,False
Medium,dig_bin,has_year,40000,,0,,0.0,,False
Medium,up_bin,sp_bin,40000,19.812871452251333,2,4.98528084003289e-05,0.02225582589584766,0.0,True
Medium,up_bin,mk_bin,40000,1937.8492233526626,2,0.0,0.2201050444306458,0.0,True
Medium,up_bin,is_common,40000,2.609856778894904,2,0.271191954555983,0.008077525578565047,0.5,False
Medium,up_bin,has_seq,40000,26.810849154700676,2,1.5069473478009658e-06,0.025889596923620053,0.0,True
Medium,up_bin,has_repeat,40000,3.4560985902624264,2,0.17763057705670585,0.009295292612745478,0.16666666666666666,False
Medium,up_bin,has_year,40000,,0,,0.0,,False
Medium,sp_bin,mk_bin,40000,540.7841797200207,1,1.273022537009967e-119,0.11627383408575,0.0,True
Medium,sp_bin,is_common,40000,0.2718147465749322,1,0.6021170148067864,0.0026067927927576648,0.25,False
Medium,sp_bin,has_seq,40000,2.4035806167786227,1,0.12105788107675748,0.007751742734344682,0.0,False
Medium,sp_bin,has_repeat,40000,0.16899691390054036,1,0.6810048248608893,0.002055461711517271,0.25,False
Medium,sp_bin,has_year,40000,,0,,0.0,,False
Medium,mk_bin,is_common,40000,0.41180035235999424,1,0.5210571292109782,0.0032085836141512434,0.25,False
Medium,mk_bin,has_seq,40000,290.4134875713844,1,4.040743974452461e-65,0.08520761227310979,0.0,True
Medium,mk_bin,has_repeat,40000,0.8849672768241346,1,0.34684478202725977,0.004703634968894096,0.25,False
Medium,mk_bin,has_year,40000,,0,,0.0,,False
Medium,is_common,has_seq,40000,0.0,1,1.0,0.0,0.25,False
Medium,is_common,has_repeat,40000,0.0,1,1.0,0.0,0.25,False
Medium,is_common,has_year,40000,,0,,0.0,,False
Medium,has_seq,has_repeat,40000,1.3702911236168458,1,0.24176187094434964,0.00585297173155835,0.25,False
Medium,has_seq,has_year,40000,,0,,0.0,,False
Medium,has_repeat,has_year,40000,,0,,0.0,,False
Strong,len_bin,dig_bin,80000,31236.01234952131,6,0.0,0.44184281954616866,0.0,True
Strong,len_bin,up_bin,80000,51009.86357573221,6,0.0,0.5646340827016435,0.0,True
Strong,len_bin,sp_bin,80000,58352.1943402085,6,0.0,0.6039049715197774,0.0,True
Strong,len_bin,mk_bin,80000,50429.161603441215,4,0.0,0.5614109546682426,0.0,True
Strong,len_bin,is_common,80000,86.92175347756802,2,1.3340774817830509e-19,0.032962431925900135,0.0,True
Strong,len_bin,has_seq,80000,15.214709469321516,2,0.0004967842480552613,0.013790716745931625,0.0,False
Strong,len_bin,has_repeat,80000,34.01595701263609,2,4.10703861690575e-08,0.020620365240653502,0.0,True
Strong,len_bin,has_year,80000,1.0000125001562519,2,0.606526868860471,0.003535556003226812,0.5,False
Strong,dig_bin,up_bin,80000,23512.122086102434,9,0.0,0.3129970852240642,0.0,True
Strong,dig_bin,sp_bin,80000,26578.77127119677,9,0.0,0.33278353369217833,0.0,True
Strong,dig_bin,mk_bin,80000,32566.33778685533,6,0.0,0.45115364474627245,0.0,True
Strong,dig_bin,is_common,80000,14.76309485875699,3,0.0020307112920820375,0.013584501674130795,0.125,False
Strong,dig_bin,has_seq,80000,7.135254808635138,3,0.06770943670480593,0.009444082015100209,0.0,False
Strong,dig_bin,has_repeat,80000,31.278464913114743,3,7.426827670674364e-07,0.019773234723077918,0.0,True
Strong,dig_bin,has_year,80000,15.67380992845987,3,0.0013226505716385656,0.013997236302418717,0.5,False
Strong,up_bin,sp_bin,80000,45327.11833720863,9,0.0,0.4345837008813177,0.0,True
Strong,up_bin,mk_bin,80000,58599.90171167145,6,0.0,0.6051854143136189,0.0,True
Strong,up_bin,is_common,80000,180.112455103211,3,8.340281740293005e-39,0.04744897984983595,0.125,True
Strong,up_bin,has_seq,80000,12.448244842199308,3,0.005995275073821467,0.01247409557953968,0.0,False
Strong,up_bin,has_repeat,80000,25.356735538853144,3,1.3003326861995118e-05,0.017803347837855223,0.0,True
Strong,up_bin,has_year,80000,0.9422779174916676,3,0.8152150181083571,0.00343197814221563,0.5,False
Strong,sp_bin,mk_bin,80000,64013.4532362607,6,0.0,0.6325220017727679,0.0,True
Strong,sp_bin,is_common,80000,105.75917045293366,3,8.970914994833039e-23,0.036359175329779836,0.0,True
Strong,sp_bin,has_seq,80000,38.483147065801326,3,2.2332700078880485e-08,0.021932609017682247,0.0,True
Strong,sp_bin,has_repeat,80000,27.677461001773374,3,4.244597939080536e-06,0.0186002221094848,0.0,True
Strong,sp_bin,has_year,80000,0.8141102693509965,3,0.8460891514846232,0.003190043630875204,0.5,False
Strong,mk_bin,is_common,80000,74.38002214280041,2,7.056403549782568e-17,0.030491806715657325,0.16666666666666666,True
Strong,mk_bin,has_seq,80000,89.75829310821186,2,3.2302363430318834e-20,0.03349594996193791,0.0,True
Strong,mk_bin,has_repeat,80000,22.658905209968097,2,1.2013823594353925e-05,0.016829626113630723,0.0,True
Strong,mk_bin,has_year,80000,0.579193564165984,2,0.7485653416919333,0.002690709860255245,0.5,False
Strong,is_common,has_seq,80000,0.06683772311859243,1,0.7959979553960604,0.0009140413223604311,0.25,False
Strong,is_common,has_repeat,80000,0.0,1,1.0,0.0,0.25,False
Strong,is_common,has_year,80000,0.0,1,1.0,0.0,0.5,False
Strong,has_seq,has_repeat,80000,0.0,1,1.0,0.0,0.25,False
Strong,has_seq,has_year,80000,0.0,1,1.0,0.0,0.5,False
Strong,has_repeat,has_year,80000,0.0,1,1.0,0.0,0.5,False
