flip,password,level,len_bin,dig_bin,up_bin,sp_bin,is_common,has_seq,has_repeat,has_year,true,pred_pattern,pred_markov
fixed_by_markov,accersitionD,2,12-15,0,1,0,0,0,0,0,Medium,Weak,Medium
fixed_by_markov,adhereyyYy,1,10-11,0,1,0,0,0,0,0,Weak,Medium,Weak
fixed_by_markov,Iabsentation,2,12-15,0,1,0,0,0,0,0,Medium,Weak,Medium
fixed_by_markov,rMb?yzpmEj,3,10-11,0,2-3,1,0,0,0,0,Strong,Medium,Strong
fixed_by_markov,Achariaceaem,2,12-15,0,1,0,0,0,0,0,Medium,Weak,Medium
fixed_by_markov,vvVvadverse,1,10-11,0,1,0,0,0,0,0,Weak,Medium,Weak
fixed_by_markov,aeolinavvVv,1,10-11,0,1,0,0,0,0,0,Weak,Medium,Weak
fixed_by_markov,Eabashlessly,2,12-15,0,1,0,0,0,0,0,Medium,Weak,Medium
fixed_by_markov,AcanthodiiL,2,10-11,0,2-3,0,0,0,0,0,Medium,Strong,Medium
fixed_by_markov,abideruuUu,1,10-11,0,1,0,0,0,0,0,Weak,Medium,Weak
fixed_by_markov,qQqqAdhara,1,10-11,0,2-3,0,0,0,0,0,Weak,Strong,Weak
fixed_by_markov,Racipenserid,2,12-15,0,1,0,0,0,0,0,Medium,Weak,Medium
fixed_by_markov,acanthodeanW,2,12-15,0,1,0,0,0,0,0,Medium,Weak,Medium
fixed_by_markov,bBbbacrinyl,1,10-11,0,1,0,0,0,0,0,Weak,Medium,Weak
fixed_by_markov,abactinallyW,2,12-15,0,1,0,0,0,0,0,Medium,Weak,Medium
broken_by_markov,accruerBBO,3,10-11,0,2-3,0,0,0,0,0,Strong,Strong,Weak
broken_by_markov,aceturicAW,3,10-11,0,2-3,0,0,0,0,0,Strong,Strong,Weak
broken_by_markov,AcmaeahyVx,3,10-11,0,2-3,0,0,0,0,0,Strong,Strong,Weak
broken_by_markov,Achi4uQmenes,3,12-15,1-2,2-3,0,0,0,0,0,Strong,Strong,Weak
broken_by_markov,acornedVCJ,3,10-11,0,2-3,0,0,0,0,0,Strong,Strong,Weak
broken_by_markov,abioticmsMS,3,10-11,0,2-3,0,0,0,0,0,Strong,Strong,Weak
broken_by_markov,acarpousVJ,3,10-11,0,2-3,0,0,0,0,0,Strong,Strong,Medium
broken_by_markov,acalephYWd,3,10-11,0,2-3,0,0,0,0,0,Strong,Strong,Weak
broken_by_markov,abutterNtD,3,10-11,0,2-3,0,0,0,0,0,Strong,Strong,Weak
broken_by_markov,abristlePZ,3,10-11,0,2-3,0,0,0,0,0,Strong,Strong,Weak
broken_by_markov,tTttaconital,1,12-15,0,1,0,0,0,0,0,Weak,Weak,Medium
broken_by_markov,abrasionRN,3,10-11,0,2-3,0,0,0,0,0,Strong,Strong,Medium
broken_by_markov,qLZYabortin,3,10-11,0,2-3,0,0,0,0,0,Strong,Strong,Weak
broken_by_markov,acanthadyYyy,1,12-15,0,1,0,0,0,0,0,Weak,Weak,Medium
broken_by_markov,acalycalSJ,3,10-11,0,2-3,0,0,0,0,0,Strong,Strong,Weak
